ATF7IP_2A,CCTCCGCAGATTCAAAAACA,i
ATF7IP_1B,GACGTTGCCGCCTCAGCTTT,i
ATF7IP_1A,TGCACGCGCCGGGGCCGTTA,i
ATF7IP_2B,ACAGAGCCGTCCCGCGCAGC,i
CTCF_1A,CGCACGGTTTAATCGCTCCA,i
CTCF_1B,GCGTCTCCGGCGAGCTCCGC,i
CTCF_2A,GTGGAGCGATTAAACCGTGC,i
CTCF_2B,GCGAGCTCCGCGCGTCCGCA,i
ID3_2A,AAAGAAGTCCCGCTACAGTG,i
ID3_1B,CCTCGTAGCAGCCGCGCACC,i
ID3_1A,CGGCGGTCACTTATAGAGCC,i
ID3_2B,CGGGCGATGGCCAGACTGCG,i
YBX1_1A,TTCTCGCTAGTTCGATCGGT,i
YBX1_2A,ATCGAACTAGCGAGAATGGC,i
YBX1_1B,TACGAGCGACCCGCCCTAGG,i
YBX1_2B,ACGAGCGACCCGCCCTAGGC,i
ZNF207_1A,ACCGCAGTGCTTGACGGGAG,i
ZNF207_1B,GTGGGACGTGGTGGTAGCCG,i
ZNF207_2A,ACGGCCTCGTTCCCCGCTCC,i
ZNF207_2B,TAACTGTGTTCTACCGGCAA,i
NTCi_1A,TTACTCTGATCTCACATTTC,i
NTCi_1B,TTACTCTGATCTCACATTTC,i
NANOG,GGATTTTAACGTTCTGCTGGC,i
OCT4,GGTGAAATGAGGGCTTGCGAC,i
SOX2,TGTGACGGGGGCTGTCAGGGC,i
BAF60C_1B,AACAGC,a
BAF60C_2B,GGGCCG,a
BAF60C_1A,GCCTGG,a
BAF60C_2A,CCGGCT,a
JMJD3_2A,ACTCAT,a
JMJD3_2B,GCTAGG,a
JMJD3_1A,ATTCGT,a
JMJD3_1B,CAGGGT,a
MEF2C_2B,CGCATT,a
MEF2C_1B,GTCGGA,a
MEF2C_1A,GTATCC,a
MEF2C_2A,AACCAT,a
MYF5_1A,ATCCTG,a
MYF5_1B,TTAGCG,a
MYF5_2A,TGTTTT,a
MYF5_2B,CGGGGG,a
MYF6_2A,TGCGCT,a
MYF6_1B,TCCATT,a
MYF6_1A,TTGCTC,a
MYF6_2B,AATGTG,a
MYOG_2A,ATACCC,a
MYOG_1B,TCGGGT,a
MYOG_1A,TAACCA,a
MYOG_2B,CTGTAA,a
PAX7_2A,CAACTC,a
PAX7_1B,CCAAAA,a
PAX7_1A,ATACAG,a
PAX7_2B,AACCTA,a
NTCa_1A,TTACTC,a
NTCa_1B,TTACTC,a
MYOD_1,CGGGGT,a
MYOD_2,GCACGC,a